{
    "workflow_type"     : "general",
    "dag_id"            : "Hurricane-PMERJ-Crimes",
    "related_dag_id"    : "Generate-SP-Model",
    "datalake_client"   : "local",
    "datalake_workdir"  : "/home/maiconbanni/Documentos/UFF/datalake",
    "schedule_interval" : "0 08 * * 0-6",
    "max_concurrency"   : 4,
    "retries"           : 5,
    "owner"             : "Maicon Banni",
    "email"             : ["maiconbanni@gmail.com"],
    "fact_tablename"    : "crime",
    "raw_interfaces"    : [
        {
            "name": "vehicles_rob",
            "input_path": "/raw/vehicles_rob",
            "required": false,
            "header": 0,
            "rules_columns": {
                "date"      : "DATAOCORRENCIA" ,
                "period"    : "PERIDOOCORRENCIA",
                "latitude"  : "LATITUDE",
                "longitude" : "LONGITUDE"
            },
            "feature_columns": {
                "SEXO"      : "sexo" ,
                "IDADE"     : "idade"
            },
            "duplicated_key" : ["ANO_BO", "NUM_BO", "NUMERO_BOLETIM"],
            "columns": [
                { "name": "ANO_BO"                      , "type": "integer" , "required": true },
                { "name": "NUM_BO"                      , "type": "integer" , "required": true },
                { "name": "NUMERO_BOLETIM"              , "type": "str"     , "required": true },
                { "name": "BO_INICIADO"                 , "type": "datetime", "required": true },
                { "name": "BO_EMITIDO"                  , "type": "datetime", "required": true },
                { "name": "DATAOCORRENCIA"              , "type": "date"    , "required": true },
                { "name": "HORAOCORRENCIA"              , "type": "str"     , "required": false },
                { "name": "PERIDOOCORRENCIA"            , "type": "str"     , "required": true },
                { "name": "DATACOMUNICACAO"             , "type": "date"    , "required": true },
                { "name": "DATAELABORACAO"              , "type": "datetime", "required": true },
                { "name": "BO_AUTORIA"                  , "type": "str"     , "required": true },
                { "name": "FLAGRANTE"                   , "type": "str"     , "required": true },
                { "name": "NUMERO_BOLETIM_PRINCIPAL"    , "type": "str"     , "required": true },
                { "name": "LOGRADOURO"                  , "type": "str"     , "required": true },
                { "name": "NUMERO"                      , "type": "str"     , "required": true },
                { "name": "BAIRRO"                      , "type": "str"     , "required": true },
                { "name": "CIDADE"                      , "type": "str"     , "required": true },
                { "name": "UF"                          , "type": "str"     , "required": true },
                { "name": "LATITUDE"                    , "type": "float"   , "required": true },
                { "name": "LONGITUDE"                   , "type": "float"   , "required": true },
                { "name": "DESCRICAOLOCAL"              , "type": "str"     , "required": true },
                { "name": "EXAME"                       , "type": "str"     , "required": true },
                { "name": "SOLUCAO"                     , "type": "str"     , "required": true },
                { "name": "DELEGACIA_NOME"              , "type": "str"     , "required": true },
                { "name": "DELEGACIA_CIRCUNSCRICAO"     , "type": "str"     , "required": true },
                { "name": "ESPECIE"                     , "type": "str"     , "required": true },
                { "name": "RUBRICA"                     , "type": "str"     , "required": true },
                { "name": "DESDOBRAMENTO"               , "type": "str"     , "required": true },
                { "name": "STATUS"                      , "type": "str"     , "required": true },
                { "name": "NOMEPESSOA"                  , "type": "str"     , "required": true },
                { "name": "TIPOPESSOA"                  , "type": "str"     , "required": true },
                { "name": "VITIMAFATAL"                 , "type": "str"     , "required": true },
                { "name": "RG"                          , "type": "str"     , "required": true },
                { "name": "RG_UF"                       , "type": "str"     , "required": true },
                { "name": "NATURALIDADE"                , "type": "str"     , "required": true },
                { "name": "NACIONALIDADE"               , "type": "str"     , "required": true },
                { "name": "SEXO"                        , "type": "str"     , "required": true },
                { "name": "DATANASCIMENTO"              , "type": "date"    , "required": true },
                { "name": "IDADE"                       , "type": "str"     , "required": true },
                { "name": "ESTADOCIVIL"                 , "type": "str"     , "required": true },
                { "name": "PROFISSAO"                   , "type": "str"     , "required": true },
                { "name": "GRAUINSTRUCAO"               , "type": "str"     , "required": true },
                { "name": "CORCUTIS"                    , "type": "str"     , "required": true },
                { "name": "NATUREZAVINCULADA"           , "type": "str"     , "required": true },
                { "name": "TIPOVINCULO"                 , "type": "str"     , "required": true },
                { "name": "RELACIONAMENTO"              , "type": "str"     , "required": true },
                { "name": "PARENTESCO"                  , "type": "str"     , "required": true },
                { "name": "PLACA_VEICULO"               , "type": "str"     , "required": true },
                { "name": "UF_VEICULO"                  , "type": "str"     , "required": true },
                { "name": "CIDADE_VEICULO"              , "type": "str"     , "required": true },
                { "name": "DESCR_COR_VEICULO"           , "type": "str"     , "required": true },
                { "name": "DESCR_MARCA_VEICULO"         , "type": "str"     , "required": true },
                { "name": "ANO_FABRICACAO"              , "type": "str"     , "required": true },
                { "name": "ANO_MODELO"                  , "type": "str"     , "required": true },
                { "name": "DESCR_TIPO_VEICULO"          , "type": "str"     , "required": true },
                { "name": "QUANT_CELULAR"               , "type": "str"     , "required": true },
                { "name": "MARCA_CELULAR"               , "type": "str"     , "required": true }
            ]
        },
        {
            "name": "phones_rob",
            "input_path": "/raw/phones_rob",
            "required": false,
            "header": 0,
            "rules_columns": {
                "date"      : "DATAOCORRENCIA" ,
                "period"    : "PERIDOOCORRENCIA",
                "latitude"  : "LATITUDE",
                "longitude" : "LONGITUDE"
            },
            "feature_columns": {
                "SEXO"      : "sexo" ,
                "IDADE"     : "idade"
            },
            "duplicated_key" : ["ANO_BO", "NUM_BO", "NUMERO_BOLETIM"],
            "columns": [
                { "name": "ANO_BO"                      , "type": "integer" , "required": true },
                { "name": "NUM_BO"                      , "type": "integer" , "required": true },
                { "name": "NUMERO_BOLETIM"              , "type": "str"     , "required": true },
                { "name": "BO_INICIADO"                 , "type": "datetime", "required": true },
                { "name": "BO_EMITIDO"                  , "type": "datetime", "required": true },
                { "name": "DATAOCORRENCIA"              , "type": "date"    , "required": true },
                { "name": "HORAOCORRENCIA"              , "type": "str"     , "required": false },
                { "name": "PERIDOOCORRENCIA"            , "type": "str"     , "required": true },
                { "name": "DATACOMUNICACAO"             , "type": "date"    , "required": true },
                { "name": "DATAELABORACAO"              , "type": "datetime", "required": true },
                { "name": "BO_AUTORIA"                  , "type": "str"     , "required": true },
                { "name": "FLAGRANTE"                   , "type": "str"     , "required": true },
                { "name": "NUMERO_BOLETIM_PRINCIPAL"    , "type": "str"     , "required": true },
                { "name": "LOGRADOURO"                  , "type": "str"     , "required": true },
                { "name": "NUMERO"                      , "type": "str"     , "required": true },
                { "name": "BAIRRO"                      , "type": "str"     , "required": true },
                { "name": "CIDADE"                      , "type": "str"     , "required": true },
                { "name": "UF"                          , "type": "str"     , "required": true },
                { "name": "LATITUDE"                    , "type": "float"   , "required": true },
                { "name": "LONGITUDE"                   , "type": "float"   , "required": true },
                { "name": "DESCRICAOLOCAL"              , "type": "str"     , "required": true },
                { "name": "EXAME"                       , "type": "str"     , "required": true },
                { "name": "SOLUCAO"                     , "type": "str"     , "required": true },
                { "name": "DELEGACIA_NOME"              , "type": "str"     , "required": true },
                { "name": "DELEGACIA_CIRCUNSCRICAO"     , "type": "str"     , "required": true },
                { "name": "ESPECIE"                     , "type": "str"     , "required": true },
                { "name": "RUBRICA"                     , "type": "str"     , "required": true },
                { "name": "DESDOBRAMENTO"               , "type": "str"     , "required": true },
                { "name": "STATUS"                      , "type": "str"     , "required": true },
                { "name": "NOMEPESSOA"                  , "type": "str"     , "required": true },
                { "name": "TIPOPESSOA"                  , "type": "str"     , "required": true },
                { "name": "VITIMAFATAL"                 , "type": "str"     , "required": true },
                { "name": "RG"                          , "type": "str"     , "required": true },
                { "name": "RG_UF"                       , "type": "str"     , "required": true },
                { "name": "NATURALIDADE"                , "type": "str"     , "required": true },
                { "name": "NACIONALIDADE"               , "type": "str"     , "required": true },
                { "name": "SEXO"                        , "type": "str"     , "required": true },
                { "name": "DATANASCIMENTO"              , "type": "date"    , "required": true },
                { "name": "IDADE"                       , "type": "str"     , "required": true },
                { "name": "ESTADOCIVIL"                 , "type": "str"     , "required": true },
                { "name": "PROFISSAO"                   , "type": "str"     , "required": true },
                { "name": "GRAUINSTRUCAO"               , "type": "str"     , "required": true },
                { "name": "CORCUTIS"                    , "type": "str"     , "required": true },
                { "name": "NATUREZAVINCULADA"           , "type": "str"     , "required": true },
                { "name": "TIPOVINCULO"                 , "type": "str"     , "required": true },
                { "name": "RELACIONAMENTO"              , "type": "str"     , "required": true },
                { "name": "PARENTESCO"                  , "type": "str"     , "required": true },
                { "name": "PLACA_VEICULO"               , "type": "str"     , "required": true },
                { "name": "UF_VEICULO"                  , "type": "str"     , "required": true },
                { "name": "CIDADE_VEICULO"              , "type": "str"     , "required": true },
                { "name": "DESCR_COR_VEICULO"           , "type": "str"     , "required": true },
                { "name": "DESCR_MARCA_VEICULO"         , "type": "str"     , "required": true },
                { "name": "ANO_FABRICACAO"              , "type": "str"     , "required": true },
                { "name": "ANO_MODELO"                  , "type": "str"     , "required": true },
                { "name": "DESCR_TIPO_VEICULO"          , "type": "str"     , "required": true },
                { "name": "QUANT_CELULAR"               , "type": "str"     , "required": true },
                { "name": "MARCA_CELULAR"               , "type": "str"     , "required": true }
            ]
        },
        {
            "name": "vehicles_steal",
            "input_path": "/raw/vehicles_steal",
            "required": false,
            "header": 0,
            "rules_columns": {
                "date"      : "DATAOCORRENCIA" ,
                "period"    : "PERIDOOCORRENCIA",
                "latitude"  : "LATITUDE",
                "longitude" : "LONGITUDE"
            },
            "feature_columns": {
                "SEXO"      : "sexo" ,
                "IDADE"     : "idade"
            },
            "duplicated_key" : ["ANO_BO", "NUM_BO", "NUMERO_BOLETIM"],
            "columns": [
                { "name": "ANO_BO"                      , "type": "integer" , "required": true },
                { "name": "NUM_BO"                      , "type": "integer" , "required": true },
                { "name": "NUMERO_BOLETIM"              , "type": "str"     , "required": true },
                { "name": "BO_INICIADO"                 , "type": "datetime", "required": true },
                { "name": "BO_EMITIDO"                  , "type": "datetime", "required": true },
                { "name": "DATAOCORRENCIA"              , "type": "date"    , "required": true },
                { "name": "HORAOCORRENCIA"              , "type": "str"     , "required": false },
                { "name": "PERIDOOCORRENCIA"            , "type": "str"     , "required": true },
                { "name": "DATACOMUNICACAO"             , "type": "date"    , "required": true },
                { "name": "DATAELABORACAO"              , "type": "datetime", "required": true },
                { "name": "BO_AUTORIA"                  , "type": "str"     , "required": true },
                { "name": "FLAGRANTE"                   , "type": "str"     , "required": true },
                { "name": "NUMERO_BOLETIM_PRINCIPAL"    , "type": "str"     , "required": true },
                { "name": "LOGRADOURO"                  , "type": "str"     , "required": true },
                { "name": "NUMERO"                      , "type": "str"     , "required": true },
                { "name": "BAIRRO"                      , "type": "str"     , "required": true },
                { "name": "CIDADE"                      , "type": "str"     , "required": true },
                { "name": "UF"                          , "type": "str"     , "required": true },
                { "name": "LATITUDE"                    , "type": "float"   , "required": true },
                { "name": "LONGITUDE"                   , "type": "float"   , "required": true },
                { "name": "DESCRICAOLOCAL"              , "type": "str"     , "required": true },
                { "name": "EXAME"                       , "type": "str"     , "required": true },
                { "name": "SOLUCAO"                     , "type": "str"     , "required": true },
                { "name": "DELEGACIA_NOME"              , "type": "str"     , "required": true },
                { "name": "DELEGACIA_CIRCUNSCRICAO"     , "type": "str"     , "required": true },
                { "name": "ESPECIE"                     , "type": "str"     , "required": true },
                { "name": "RUBRICA"                     , "type": "str"     , "required": true },
                { "name": "DESDOBRAMENTO"               , "type": "str"     , "required": true },
                { "name": "STATUS"                      , "type": "str"     , "required": true },
                { "name": "NOMEPESSOA"                  , "type": "str"     , "required": true },
                { "name": "TIPOPESSOA"                  , "type": "str"     , "required": true },
                { "name": "VITIMAFATAL"                 , "type": "str"     , "required": true },
                { "name": "RG"                          , "type": "str"     , "required": true },
                { "name": "RG_UF"                       , "type": "str"     , "required": true },
                { "name": "NATURALIDADE"                , "type": "str"     , "required": true },
                { "name": "NACIONALIDADE"               , "type": "str"     , "required": true },
                { "name": "SEXO"                        , "type": "str"     , "required": true },
                { "name": "DATANASCIMENTO"              , "type": "date"    , "required": true },
                { "name": "IDADE"                       , "type": "str"     , "required": true },
                { "name": "ESTADOCIVIL"                 , "type": "str"     , "required": true },
                { "name": "PROFISSAO"                   , "type": "str"     , "required": true },
                { "name": "GRAUINSTRUCAO"               , "type": "str"     , "required": true },
                { "name": "CORCUTIS"                    , "type": "str"     , "required": true },
                { "name": "NATUREZAVINCULADA"           , "type": "str"     , "required": true },
                { "name": "TIPOVINCULO"                 , "type": "str"     , "required": true },
                { "name": "RELACIONAMENTO"              , "type": "str"     , "required": true },
                { "name": "PARENTESCO"                  , "type": "str"     , "required": true },
                { "name": "PLACA_VEICULO"               , "type": "str"     , "required": true },
                { "name": "UF_VEICULO"                  , "type": "str"     , "required": true },
                { "name": "CIDADE_VEICULO"              , "type": "str"     , "required": true },
                { "name": "DESCR_COR_VEICULO"           , "type": "str"     , "required": true },
                { "name": "DESCR_MARCA_VEICULO"         , "type": "str"     , "required": true },
                { "name": "ANO_FABRICACAO"              , "type": "str"     , "required": true },
                { "name": "ANO_MODELO"                  , "type": "str"     , "required": true },
                { "name": "DESCR_TIPO_VEICULO"          , "type": "str"     , "required": true },
                { "name": "QUANT_CELULAR"               , "type": "str"     , "required": true },
                { "name": "MARCA_CELULAR"               , "type": "str"     , "required": true }
            ]
        },
        {
            "name": "phones_steal",
            "input_path": "/raw/phones_steal",
            "required": false,
            "header": 0,
            "rules_columns": {
                "date"      : "DATAOCORRENCIA" ,
                "period"    : "PERIDOOCORRENCIA",
                "latitude"  : "LATITUDE",
                "longitude" : "LONGITUDE"
            },
            "feature_columns": {
                "SEXO"      : "sexo" ,
                "IDADE"     : "idade"
            },
            "duplicated_key" : ["ANO_BO", "NUM_BO", "NUMERO_BOLETIM"],
            "columns": [
                { "name": "ANO_BO"                      , "type": "integer" , "required": true },
                { "name": "NUM_BO"                      , "type": "integer" , "required": true },
                { "name": "NUMERO_BOLETIM"              , "type": "str"     , "required": true },
                { "name": "BO_INICIADO"                 , "type": "datetime", "required": true },
                { "name": "BO_EMITIDO"                  , "type": "datetime", "required": true },
                { "name": "DATAOCORRENCIA"              , "type": "date"    , "required": true },
                { "name": "HORAOCORRENCIA"              , "type": "str"     , "required": false },
                { "name": "PERIDOOCORRENCIA"            , "type": "str"     , "required": true },
                { "name": "DATACOMUNICACAO"             , "type": "date"    , "required": true },
                { "name": "DATAELABORACAO"              , "type": "datetime", "required": true },
                { "name": "BO_AUTORIA"                  , "type": "str"     , "required": true },
                { "name": "FLAGRANTE"                   , "type": "str"     , "required": true },
                { "name": "NUMERO_BOLETIM_PRINCIPAL"    , "type": "str"     , "required": true },
                { "name": "LOGRADOURO"                  , "type": "str"     , "required": true },
                { "name": "NUMERO"                      , "type": "str"     , "required": true },
                { "name": "BAIRRO"                      , "type": "str"     , "required": true },
                { "name": "CIDADE"                      , "type": "str"     , "required": true },
                { "name": "UF"                          , "type": "str"     , "required": true },
                { "name": "LATITUDE"                    , "type": "float"   , "required": true },
                { "name": "LONGITUDE"                   , "type": "float"   , "required": true },
                { "name": "DESCRICAOLOCAL"              , "type": "str"     , "required": true },
                { "name": "EXAME"                       , "type": "str"     , "required": true },
                { "name": "SOLUCAO"                     , "type": "str"     , "required": true },
                { "name": "DELEGACIA_NOME"              , "type": "str"     , "required": true },
                { "name": "DELEGACIA_CIRCUNSCRICAO"     , "type": "str"     , "required": true },
                { "name": "ESPECIE"                     , "type": "str"     , "required": true },
                { "name": "RUBRICA"                     , "type": "str"     , "required": true },
                { "name": "DESDOBRAMENTO"               , "type": "str"     , "required": true },
                { "name": "STATUS"                      , "type": "str"     , "required": true },
                { "name": "NOMEPESSOA"                  , "type": "str"     , "required": true },
                { "name": "TIPOPESSOA"                  , "type": "str"     , "required": true },
                { "name": "VITIMAFATAL"                 , "type": "str"     , "required": true },
                { "name": "RG"                          , "type": "str"     , "required": true },
                { "name": "RG_UF"                       , "type": "str"     , "required": true },
                { "name": "NATURALIDADE"                , "type": "str"     , "required": true },
                { "name": "NACIONALIDADE"               , "type": "str"     , "required": true },
                { "name": "SEXO"                        , "type": "str"     , "required": true },
                { "name": "DATANASCIMENTO"              , "type": "date"    , "required": true },
                { "name": "IDADE"                       , "type": "str"     , "required": true },
                { "name": "ESTADOCIVIL"                 , "type": "str"     , "required": true },
                { "name": "PROFISSAO"                   , "type": "str"     , "required": true },
                { "name": "GRAUINSTRUCAO"               , "type": "str"     , "required": true },
                { "name": "CORCUTIS"                    , "type": "str"     , "required": true },
                { "name": "NATUREZAVINCULADA"           , "type": "str"     , "required": true },
                { "name": "TIPOVINCULO"                 , "type": "str"     , "required": true },
                { "name": "RELACIONAMENTO"              , "type": "str"     , "required": true },
                { "name": "PARENTESCO"                  , "type": "str"     , "required": true },
                { "name": "PLACA_VEICULO"               , "type": "str"     , "required": true },
                { "name": "UF_VEICULO"                  , "type": "str"     , "required": true },
                { "name": "CIDADE_VEICULO"              , "type": "str"     , "required": true },
                { "name": "DESCR_COR_VEICULO"           , "type": "str"     , "required": true },
                { "name": "DESCR_MARCA_VEICULO"         , "type": "str"     , "required": true },
                { "name": "ANO_FABRICACAO"              , "type": "str"     , "required": true },
                { "name": "ANO_MODELO"                  , "type": "str"     , "required": true },
                { "name": "DESCR_TIPO_VEICULO"          , "type": "str"     , "required": true },
                { "name": "QUANT_CELULAR"               , "type": "str"     , "required": true },
                { "name": "MARCA_CELULAR"               , "type": "str"     , "required": true }
            ]
        },
        {
            "name": "femicides",
            "input_path": "/raw/femicides",
            "required": false,
            "header": 0,
            "rules_columns": {
                "date"      : "DATAOCORRENCIA" ,
                "period"    : "PERIDOOCORRENCIA",
                "latitude"  : "LATITUDE",
                "longitude" : "LONGITUDE"
            },
            "feature_columns": {
                "SEXO"      : "sexo" ,
                "IDADE"     : "idade"
            },
            "duplicated_key" : ["ANO_BO", "NUM_BO", "NUMERO_BOLETIM"],
            "columns": [
                { "name": "ANO_BO"                      , "type": "integer" , "required": true },
                { "name": "NUM_BO"                      , "type": "integer" , "required": true },
                { "name": "NUMERO_BOLETIM"              , "type": "str"     , "required": true },
                { "name": "BO_INICIADO"                 , "type": "datetime", "required": true },
                { "name": "BO_EMITIDO"                  , "type": "datetime", "required": true },
                { "name": "DATAOCORRENCIA"              , "type": "date"    , "required": true },
                { "name": "HORAOCORRENCIA"              , "type": "str"     , "required": false },
                { "name": "PERIDOOCORRENCIA"            , "type": "str"     , "required": true },
                { "name": "DATACOMUNICACAO"             , "type": "date"    , "required": true },
                { "name": "DATAELABORACAO"              , "type": "datetime", "required": true },
                { "name": "BO_AUTORIA"                  , "type": "str"     , "required": true },
                { "name": "FLAGRANTE"                   , "type": "str"     , "required": true },
                { "name": "NUMERO_BOLETIM_PRINCIPAL"    , "type": "str"     , "required": true },
                { "name": "LOGRADOURO"                  , "type": "str"     , "required": true },
                { "name": "NUMERO"                      , "type": "str"     , "required": true },
                { "name": "BAIRRO"                      , "type": "str"     , "required": true },
                { "name": "CIDADE"                      , "type": "str"     , "required": true },
                { "name": "UF"                          , "type": "str"     , "required": true },
                { "name": "LATITUDE"                    , "type": "float"   , "required": true },
                { "name": "LONGITUDE"                   , "type": "float"   , "required": true },
                { "name": "DESCRICAOLOCAL"              , "type": "str"     , "required": true },
                { "name": "EXAME"                       , "type": "str"     , "required": true },
                { "name": "SOLUCAO"                     , "type": "str"     , "required": true },
                { "name": "DELEGACIA_NOME"              , "type": "str"     , "required": true },
                { "name": "DELEGACIA_CIRCUNSCRICAO"     , "type": "str"     , "required": true },
                { "name": "ESPECIE"                     , "type": "str"     , "required": true },
                { "name": "RUBRICA"                     , "type": "str"     , "required": true },
                { "name": "DESDOBRAMENTO"               , "type": "str"     , "required": true },
                { "name": "STATUS"                      , "type": "str"     , "required": true },
                { "name": "NOMEPESSOA"                  , "type": "str"     , "required": true },
                { "name": "TIPOPESSOA"                  , "type": "str"     , "required": true },
                { "name": "VITIMAFATAL"                 , "type": "str"     , "required": true },
                { "name": "RG"                          , "type": "str"     , "required": true },
                { "name": "RG_UF"                       , "type": "str"     , "required": true },
                { "name": "NATURALIDADE"                , "type": "str"     , "required": true },
                { "name": "NACIONALIDADE"               , "type": "str"     , "required": true },
                { "name": "SEXO"                        , "type": "str"     , "required": true },
                { "name": "DATANASCIMENTO"              , "type": "date"    , "required": true },
                { "name": "IDADE"                       , "type": "str"     , "required": true },
                { "name": "ESTADOCIVIL"                 , "type": "str"     , "required": true },
                { "name": "PROFISSAO"                   , "type": "str"     , "required": true },
                { "name": "GRAUINSTRUCAO"               , "type": "str"     , "required": true },
                { "name": "CORCUTIS"                    , "type": "str"     , "required": true },
                { "name": "NATUREZAVINCULADA"           , "type": "str"     , "required": true },
                { "name": "TIPOVINCULO"                 , "type": "str"     , "required": true },
                { "name": "RELACIONAMENTO"              , "type": "str"     , "required": true },
                { "name": "PARENTESCO"                  , "type": "str"     , "required": true },
                { "name": "PLACA_VEICULO"               , "type": "str"     , "required": true },
                { "name": "UF_VEICULO"                  , "type": "str"     , "required": true },
                { "name": "CIDADE_VEICULO"              , "type": "str"     , "required": true },
                { "name": "DESCR_COR_VEICULO"           , "type": "str"     , "required": true },
                { "name": "DESCR_MARCA_VEICULO"         , "type": "str"     , "required": true },
                { "name": "ANO_FABRICACAO"              , "type": "str"     , "required": true },
                { "name": "ANO_MODELO"                  , "type": "str"     , "required": true },
                { "name": "DESCR_TIPO_VEICULO"          , "type": "str"     , "required": true },
                { "name": "QUANT_CELULAR"               , "type": "str"     , "required": true },
                { "name": "MARCA_CELULAR"               , "type": "str"     , "required": true }
            ]
        },
        {
            "name": "injurys_followed_by_death",
            "input_path": "/raw/injurys_followed_by_death",
            "required": false,
            "header": 0,
            "rules_columns": {
                "date"      : "DATAOCORRENCIA" ,
                "period"    : "PERIDOOCORRENCIA",
                "latitude"  : "LATITUDE",
                "longitude" : "LONGITUDE"
            },
            "feature_columns": {
                "SEXO"      : "sexo" ,
                "IDADE"     : "idade"
            },
            "duplicated_key" : ["ANO_BO", "NUM_BO", "NUMERO_BOLETIM"],
            "columns": [
                { "name": "ANO_BO"                      , "type": "integer" , "required": true },
                { "name": "NUM_BO"                      , "type": "integer" , "required": true },
                { "name": "NUMERO_BOLETIM"              , "type": "str"     , "required": true },
                { "name": "BO_INICIADO"                 , "type": "datetime", "required": true },
                { "name": "BO_EMITIDO"                  , "type": "datetime", "required": true },
                { "name": "DATAOCORRENCIA"              , "type": "date"    , "required": true },
                { "name": "HORAOCORRENCIA"              , "type": "str"     , "required": false },
                { "name": "PERIDOOCORRENCIA"            , "type": "str"     , "required": true },
                { "name": "DATACOMUNICACAO"             , "type": "date"    , "required": true },
                { "name": "DATAELABORACAO"              , "type": "datetime", "required": true },
                { "name": "BO_AUTORIA"                  , "type": "str"     , "required": true },
                { "name": "FLAGRANTE"                   , "type": "str"     , "required": true },
                { "name": "NUMERO_BOLETIM_PRINCIPAL"    , "type": "str"     , "required": true },
                { "name": "LOGRADOURO"                  , "type": "str"     , "required": true },
                { "name": "NUMERO"                      , "type": "str"     , "required": true },
                { "name": "BAIRRO"                      , "type": "str"     , "required": true },
                { "name": "CIDADE"                      , "type": "str"     , "required": true },
                { "name": "UF"                          , "type": "str"     , "required": true },
                { "name": "LATITUDE"                    , "type": "float"   , "required": true },
                { "name": "LONGITUDE"                   , "type": "float"   , "required": true },
                { "name": "DESCRICAOLOCAL"              , "type": "str"     , "required": true },
                { "name": "EXAME"                       , "type": "str"     , "required": true },
                { "name": "SOLUCAO"                     , "type": "str"     , "required": true },
                { "name": "DELEGACIA_NOME"              , "type": "str"     , "required": true },
                { "name": "DELEGACIA_CIRCUNSCRICAO"     , "type": "str"     , "required": true },
                { "name": "ESPECIE"                     , "type": "str"     , "required": true },
                { "name": "RUBRICA"                     , "type": "str"     , "required": true },
                { "name": "DESDOBRAMENTO"               , "type": "str"     , "required": true },
                { "name": "STATUS"                      , "type": "str"     , "required": true },
                { "name": "NOMEPESSOA"                  , "type": "str"     , "required": true },
                { "name": "TIPOPESSOA"                  , "type": "str"     , "required": true },
                { "name": "VITIMAFATAL"                 , "type": "str"     , "required": true },
                { "name": "RG"                          , "type": "str"     , "required": true },
                { "name": "RG_UF"                       , "type": "str"     , "required": true },
                { "name": "NATURALIDADE"                , "type": "str"     , "required": true },
                { "name": "NACIONALIDADE"               , "type": "str"     , "required": true },
                { "name": "SEXO"                        , "type": "str"     , "required": true },
                { "name": "DATANASCIMENTO"              , "type": "date"    , "required": true },
                { "name": "IDADE"                       , "type": "str"     , "required": true },
                { "name": "ESTADOCIVIL"                 , "type": "str"     , "required": true },
                { "name": "PROFISSAO"                   , "type": "str"     , "required": true },
                { "name": "GRAUINSTRUCAO"               , "type": "str"     , "required": true },
                { "name": "CORCUTIS"                    , "type": "str"     , "required": true },
                { "name": "NATUREZAVINCULADA"           , "type": "str"     , "required": true },
                { "name": "TIPOVINCULO"                 , "type": "str"     , "required": true },
                { "name": "RELACIONAMENTO"              , "type": "str"     , "required": true },
                { "name": "PARENTESCO"                  , "type": "str"     , "required": true },
                { "name": "PLACA_VEICULO"               , "type": "str"     , "required": true },
                { "name": "UF_VEICULO"                  , "type": "str"     , "required": true },
                { "name": "CIDADE_VEICULO"              , "type": "str"     , "required": true },
                { "name": "DESCR_COR_VEICULO"           , "type": "str"     , "required": true },
                { "name": "DESCR_MARCA_VEICULO"         , "type": "str"     , "required": true },
                { "name": "ANO_FABRICACAO"              , "type": "str"     , "required": true },
                { "name": "ANO_MODELO"                  , "type": "str"     , "required": true },
                { "name": "DESCR_TIPO_VEICULO"          , "type": "str"     , "required": true },
                { "name": "QUANT_CELULAR"               , "type": "str"     , "required": true },
                { "name": "MARCA_CELULAR"               , "type": "str"     , "required": true }
            ]
        },
        {
            "name": "intentional_homicides",
            "input_path": "/raw/intentional_homicides",
            "required": false,
            "header": 0,
            "rules_columns": {
                "date"      : "DATAOCORRENCIA" ,
                "period"    : "PERIDOOCORRENCIA",
                "latitude"  : "LATITUDE",
                "longitude" : "LONGITUDE"
            },
            "feature_columns": {
                "SEXO"      : "sexo" ,
                "IDADE"     : "idade"
            },
            "duplicated_key" : ["ANO_BO", "NUM_BO", "NUMERO_BOLETIM"],
            "columns": [
                { "name": "ANO_BO"                      , "type": "integer" , "required": true },
                { "name": "NUM_BO"                      , "type": "integer" , "required": true },
                { "name": "NUMERO_BOLETIM"              , "type": "str"     , "required": true },
                { "name": "BO_INICIADO"                 , "type": "datetime", "required": true },
                { "name": "BO_EMITIDO"                  , "type": "datetime", "required": true },
                { "name": "DATAOCORRENCIA"              , "type": "date"    , "required": true },
                { "name": "HORAOCORRENCIA"              , "type": "str"     , "required": false },
                { "name": "PERIDOOCORRENCIA"            , "type": "str"     , "required": true },
                { "name": "DATACOMUNICACAO"             , "type": "date"    , "required": true },
                { "name": "DATAELABORACAO"              , "type": "datetime", "required": true },
                { "name": "BO_AUTORIA"                  , "type": "str"     , "required": true },
                { "name": "FLAGRANTE"                   , "type": "str"     , "required": true },
                { "name": "NUMERO_BOLETIM_PRINCIPAL"    , "type": "str"     , "required": true },
                { "name": "LOGRADOURO"                  , "type": "str"     , "required": true },
                { "name": "NUMERO"                      , "type": "str"     , "required": true },
                { "name": "BAIRRO"                      , "type": "str"     , "required": true },
                { "name": "CIDADE"                      , "type": "str"     , "required": true },
                { "name": "UF"                          , "type": "str"     , "required": true },
                { "name": "LATITUDE"                    , "type": "float"   , "required": true },
                { "name": "LONGITUDE"                   , "type": "float"   , "required": true },
                { "name": "DESCRICAOLOCAL"              , "type": "str"     , "required": true },
                { "name": "EXAME"                       , "type": "str"     , "required": true },
                { "name": "SOLUCAO"                     , "type": "str"     , "required": true },
                { "name": "DELEGACIA_NOME"              , "type": "str"     , "required": true },
                { "name": "DELEGACIA_CIRCUNSCRICAO"     , "type": "str"     , "required": true },
                { "name": "ESPECIE"                     , "type": "str"     , "required": true },
                { "name": "RUBRICA"                     , "type": "str"     , "required": true },
                { "name": "DESDOBRAMENTO"               , "type": "str"     , "required": true },
                { "name": "STATUS"                      , "type": "str"     , "required": true },
                { "name": "NOMEPESSOA"                  , "type": "str"     , "required": true },
                { "name": "TIPOPESSOA"                  , "type": "str"     , "required": true },
                { "name": "VITIMAFATAL"                 , "type": "str"     , "required": true },
                { "name": "RG"                          , "type": "str"     , "required": true },
                { "name": "RG_UF"                       , "type": "str"     , "required": true },
                { "name": "NATURALIDADE"                , "type": "str"     , "required": true },
                { "name": "NACIONALIDADE"               , "type": "str"     , "required": true },
                { "name": "SEXO"                        , "type": "str"     , "required": true },
                { "name": "DATANASCIMENTO"              , "type": "date"    , "required": true },
                { "name": "IDADE"                       , "type": "str"     , "required": true },
                { "name": "ESTADOCIVIL"                 , "type": "str"     , "required": true },
                { "name": "PROFISSAO"                   , "type": "str"     , "required": true },
                { "name": "GRAUINSTRUCAO"               , "type": "str"     , "required": true },
                { "name": "CORCUTIS"                    , "type": "str"     , "required": true },
                { "name": "NATUREZAVINCULADA"           , "type": "str"     , "required": true },
                { "name": "TIPOVINCULO"                 , "type": "str"     , "required": true },
                { "name": "RELACIONAMENTO"              , "type": "str"     , "required": true },
                { "name": "PARENTESCO"                  , "type": "str"     , "required": true },
                { "name": "PLACA_VEICULO"               , "type": "str"     , "required": true },
                { "name": "UF_VEICULO"                  , "type": "str"     , "required": true },
                { "name": "CIDADE_VEICULO"              , "type": "str"     , "required": true },
                { "name": "DESCR_COR_VEICULO"           , "type": "str"     , "required": true },
                { "name": "DESCR_MARCA_VEICULO"         , "type": "str"     , "required": true },
                { "name": "ANO_FABRICACAO"              , "type": "str"     , "required": true },
                { "name": "ANO_MODELO"                  , "type": "str"     , "required": true },
                { "name": "DESCR_TIPO_VEICULO"          , "type": "str"     , "required": true },
                { "name": "QUANT_CELULAR"               , "type": "str"     , "required": true },
                { "name": "MARCA_CELULAR"               , "type": "str"     , "required": true }
            ]
        },
        {
            "name": "robberys",
            "input_path": "/raw/robberys",
            "required": false,
            "header": 0,
            "rules_columns": {
                "date"      : "DATAOCORRENCIA" ,
                "period"    : "PERIDOOCORRENCIA",
                "latitude"  : "LATITUDE",
                "longitude" : "LONGITUDE"
            },
            "feature_columns": {
                "SEXO"      : "sexo" ,
                "IDADE"     : "idade"
            },
            "duplicated_key" : ["ANO_BO", "NUM_BO", "NUMERO_BOLETIM"],
            "columns": [
                { "name": "ANO_BO"                      , "type": "integer" , "required": true },
                { "name": "NUM_BO"                      , "type": "integer" , "required": true },
                { "name": "NUMERO_BOLETIM"              , "type": "str"     , "required": true },
                { "name": "BO_INICIADO"                 , "type": "datetime", "required": true },
                { "name": "BO_EMITIDO"                  , "type": "datetime", "required": true },
                { "name": "DATAOCORRENCIA"              , "type": "date"    , "required": true },
                { "name": "HORAOCORRENCIA"              , "type": "str"     , "required": false },
                { "name": "PERIDOOCORRENCIA"            , "type": "str"     , "required": true },
                { "name": "DATACOMUNICACAO"             , "type": "date"    , "required": true },
                { "name": "DATAELABORACAO"              , "type": "datetime", "required": true },
                { "name": "BO_AUTORIA"                  , "type": "str"     , "required": true },
                { "name": "FLAGRANTE"                   , "type": "str"     , "required": true },
                { "name": "NUMERO_BOLETIM_PRINCIPAL"    , "type": "str"     , "required": true },
                { "name": "LOGRADOURO"                  , "type": "str"     , "required": true },
                { "name": "NUMERO"                      , "type": "str"     , "required": true },
                { "name": "BAIRRO"                      , "type": "str"     , "required": true },
                { "name": "CIDADE"                      , "type": "str"     , "required": true },
                { "name": "UF"                          , "type": "str"     , "required": true },
                { "name": "LATITUDE"                    , "type": "float"   , "required": true },
                { "name": "LONGITUDE"                   , "type": "float"   , "required": true },
                { "name": "DESCRICAOLOCAL"              , "type": "str"     , "required": true },
                { "name": "EXAME"                       , "type": "str"     , "required": true },
                { "name": "SOLUCAO"                     , "type": "str"     , "required": true },
                { "name": "DELEGACIA_NOME"              , "type": "str"     , "required": true },
                { "name": "DELEGACIA_CIRCUNSCRICAO"     , "type": "str"     , "required": true },
                { "name": "ESPECIE"                     , "type": "str"     , "required": true },
                { "name": "RUBRICA"                     , "type": "str"     , "required": true },
                { "name": "DESDOBRAMENTO"               , "type": "str"     , "required": true },
                { "name": "STATUS"                      , "type": "str"     , "required": true },
                { "name": "NOMEPESSOA"                  , "type": "str"     , "required": true },
                { "name": "TIPOPESSOA"                  , "type": "str"     , "required": true },
                { "name": "VITIMAFATAL"                 , "type": "str"     , "required": true },
                { "name": "RG"                          , "type": "str"     , "required": true },
                { "name": "RG_UF"                       , "type": "str"     , "required": true },
                { "name": "NATURALIDADE"                , "type": "str"     , "required": true },
                { "name": "NACIONALIDADE"               , "type": "str"     , "required": true },
                { "name": "SEXO"                        , "type": "str"     , "required": true },
                { "name": "DATANASCIMENTO"              , "type": "date"    , "required": true },
                { "name": "IDADE"                       , "type": "str"     , "required": true },
                { "name": "ESTADOCIVIL"                 , "type": "str"     , "required": true },
                { "name": "PROFISSAO"                   , "type": "str"     , "required": true },
                { "name": "GRAUINSTRUCAO"               , "type": "str"     , "required": true },
                { "name": "CORCUTIS"                    , "type": "str"     , "required": true },
                { "name": "NATUREZAVINCULADA"           , "type": "str"     , "required": true },
                { "name": "TIPOVINCULO"                 , "type": "str"     , "required": true },
                { "name": "RELACIONAMENTO"              , "type": "str"     , "required": true },
                { "name": "PARENTESCO"                  , "type": "str"     , "required": true },
                { "name": "PLACA_VEICULO"               , "type": "str"     , "required": true },
                { "name": "UF_VEICULO"                  , "type": "str"     , "required": true },
                { "name": "CIDADE_VEICULO"              , "type": "str"     , "required": true },
                { "name": "DESCR_COR_VEICULO"           , "type": "str"     , "required": true },
                { "name": "DESCR_MARCA_VEICULO"         , "type": "str"     , "required": true },
                { "name": "ANO_FABRICACAO"              , "type": "str"     , "required": true },
                { "name": "ANO_MODELO"                  , "type": "str"     , "required": true },
                { "name": "DESCR_TIPO_VEICULO"          , "type": "str"     , "required": true },
                { "name": "QUANT_CELULAR"               , "type": "str"     , "required": true },
                { "name": "MARCA_CELULAR"               , "type": "str"     , "required": true }
            ]
        }
    ]
}
